{
  "mrr": 0.3494871974347199,
  "recall_at_1": 0.20535714285714285,
  "recall_at_10": 0.38392857142857145
}
