{"mrr": 0.4925075919175145, "recall_at_1": 0.340625, "recall_at_10": 0.55}