{
  "mrr": 0.37847389004251586,
  "recall_at_1": 0.22199170124481327,
  "recall_at_10": 0.4336099585062241
}
